timestamp,asn,csp,tls-grab,hashes,cdn-name,port,url,input,location,title,scheme,error,webserver,response-body,content-type,method,host,path,favicon-mmh3,final-url,response-header,request,response-time,jarm,chain-status-codes,a,cnames,technologies,chain,words,lines,status-code,content-length,failed,vhost,websocket,cdn,http2,pipeline
2023-08-04 15:23:23.801891 +0800 CST m=+0.771685209,<nil>,<nil>,<nil>,map[],,443,https://112.126.67.78:443,112.126.67.78,https://112.126.67.78/login?origin=d2f0b9c2-96d9-44eb-85ff-9312089e32a1,,https,,nginx,,,GET,112.126.67.78,/,,,,,32.629417ms,,[],[112.126.67.78],[],[Nginx],[],1,1,302,0,false,false,false,false,false,false
2023-08-04 15:23:23.927008 +0800 CST m=+0.896803876,<nil>,<nil>,<nil>,map[],,443,https://106.14.164.247:443,106.14.164.247,https://106.14.164.247/login?origin=e61164ba-90ae-423a-9d52-24d66edda046,,https,,nginx,,,GET,106.14.164.247,/,,,,,97.904209ms,,[],[106.14.164.247],[],[Nginx],[],1,1,302,0,false,false,false,false,false,false
2023-08-04 15:23:23.981808 +0800 CST m=+0.951605043,<nil>,<nil>,<nil>,map[],,443,https://221.181.235.73:443,221.181.235.73,,,https,,,,text/html,GET,221.181.235.73,/,,,,,112.348833ms,,[],[221.181.235.73],[],[],[],15,10,200,311,false,false,false,false,false,false
2023-08-04 15:23:23.983718 +0800 CST m=+0.953514918,<nil>,<nil>,<nil>,map[],,443,https://222.189.49.55:443,222.189.49.55,,,https,,,,text/html,GET,222.189.49.55,/,,,,,181.452708ms,,[],[222.189.49.55],[],[],[],15,10,200,311,false,false,false,false,false,false
2023-08-04 15:23:24.107039 +0800 CST m=+1.076837334,<nil>,<nil>,<nil>,map[],,443,https://146.56.196.140:443,146.56.196.140,webroot/decision,,https,,,,text/html,GET,146.56.196.140,/,,,,,178.444917ms,,[],[146.56.196.140],[],[Java],[],1,1,302,0,false,false,false,false,false,false
2023-08-04 15:23:24.117285 +0800 CST m=+1.087083334,<nil>,<nil>,<nil>,map[],,8181,http://106.37.75.135:8181,106.37.75.135:8181,/webroot/decision,页面重定向,http,,,,text/html,GET,106.37.75.135,/,,,,,8.73775ms,,[],[106.37.75.135],[],[Java],[],4,15,302,109,false,false,false,false,false,false
2023-08-04 15:23:24.138124 +0800 CST m=+1.107922834,<nil>,<nil>,<nil>,map[],,8181,http://106.37.75.50:8181,106.37.75.50:8181,/webroot/decision,页面重定向,http,,,,text/html,GET,106.37.75.50,/,,,,,9.6095ms,,[],[106.37.75.50],[],[Java],[],4,15,302,109,false,false,false,false,false,false
2023-08-04 15:23:24.179413 +0800 CST m=+1.149211626,<nil>,<nil>,<nil>,map[],,8081,http://150.138.116.35:8081,150.138.116.35:8081,/webroot/decision/login?origin=5167272a-e302-4dbe-bdb0-bf025abc2f95,,http,,nginx/1.23.4,,,GET,150.138.116.35,/,,,,,57.930667ms,,[],[150.138.116.35],[],[Nginx:1.23.4],[],1,1,302,0,false,false,false,false,false,false
2023-08-04 15:23:24.179575 +0800 CST m=+1.149373418,<nil>,<nil>,<nil>,map[],,443,https://39.107.158.100:443,39.107.158.100,http://39.107.158.100/webroot/decision/login?origin=36c94a07-8fc6-4f5a-b383-8637f6bbf21c,,https,,nginx,,,GET,39.107.158.100,/,,,,,31.64475ms,,[],[39.107.158.100],[],[Nginx],[],1,1,302,0,false,false,false,false,false,false
2023-08-04 15:23:24.188733 +0800 CST m=+1.158531501,<nil>,<nil>,<nil>,map[],,443,https://114.55.66.230:443,114.55.66.230,/webroot/decision/login?origin=95c640a7-096d-4e63-b029-f7f49205a522,,https,,nginx,,,GET,114.55.66.230,/,,,,,140.021333ms,,[],[114.55.66.230],[],[Nginx],[],1,1,302,0,false,false,false,false,false,false
2023-08-04 15:23:24.193259 +0800 CST m=+1.163057668,<nil>,<nil>,<nil>,map[],,443,https://139.9.175.234:443,139.9.175.234,https://139.9.175.234/webroot/decision,302 Found,https,,nginx/1.20.1,,text/html,GET,139.9.175.234,/,,,,,118.27ms,,[],[139.9.175.234],[],[Nginx:1.20.1],[],3,8,302,145,false,false,false,false,false,false
2023-08-04 15:23:24.19422 +0800 CST m=+1.164018543,<nil>,<nil>,<nil>,map[],,443,https://175.6.59.3:443,175.6.59.3,https://175.6.59.3/webroot/decision,301 Moved Permanently,https,,nginx/1.24.0,,text/html,GET,175.6.59.3,/,,,,,131.970041ms,,[],[175.6.59.3],[],[Nginx:1.24.0],[],5,8,301,169,false,false,false,false,false,false
2023-08-04 15:23:24.20686 +0800 CST m=+1.176659418,<nil>,<nil>,<nil>,map[],,80,http://152.136.207.81:80,152.136.207.81,http://152.136.207.81/webroot/decision/login?origin=0d717723-7c1f-49b7-84b4-be514a067516,,http,,nginx/1.20.1,,,GET,152.136.207.81,/,,,,,18.208ms,,[],[152.136.207.81],[],[Nginx:1.20.1],[],1,1,302,0,false,false,false,false,false,false
2023-08-04 15:23:24.22371 +0800 CST m=+1.193509043,<nil>,<nil>,<nil>,map[],,443,https://121.12.249.61:443,121.12.249.61,https://121.12.249.61/owa/,,https,,Microsoft-IIS/8.5,,,GET,121.12.249.61,/,,,,,181.7085ms,,[],[121.12.249.61],[],[IIS:8.5 Windows Server],[],1,1,302,0,false,false,false,false,false,false
2023-08-04 15:23:24.224636 +0800 CST m=+1.194434876,<nil>,&{[url=../webroot/decision?op=fs]},<nil>,map[],,80,http://119.3.7.226:80,119.3.7.226,,,http,,,,text/html,GET,119.3.7.226,/,,,,,62.947416ms,,[],[119.3.7.226],[],[],[],6,7,200,126,false,false,false,false,false,false
2023-08-04 15:23:24.227982 +0800 CST m=+1.197781126,<nil>,<nil>,<nil>,map[],,443,https://120.79.129.78:443,120.79.129.78,,爆款360,https,,nginx,,text/html,GET,120.79.129.78,/,,,,,198.245083ms,,[],[120.79.129.78],[],[Nginx],[],39,1,200,785,false,false,false,false,false,false
2023-08-04 15:23:24.229579 +0800 CST m=+1.199377918,<nil>,<nil>,<nil>,map[],,8765,http://111.23.173.79:8765,111.23.173.79:8765,http://111.23.173.79:8765/webroot/decision,302 Found,http,,nginx/1.22.1,,text/html,GET,111.23.173.79,/,,,,,74.805083ms,,[],[111.23.173.79],[],[Nginx:1.22.1],[],3,8,302,145,false,false,false,false,false,false
2023-08-04 15:23:24.237485 +0800 CST m=+1.207284168,<nil>,<nil>,<nil>,map[],,80,http://221.12.66.200:80,221.12.66.200,,,http,,nginx,,text/html,GET,221.12.66.200,/,,,,,95.383042ms,,[],[221.12.66.200],[],[Nginx PHP:7],[],4,1,200,114,false,false,false,false,false,false
2023-08-04 15:23:24.238789 +0800 CST m=+1.208588251,<nil>,<nil>,<nil>,map[],,443,https://120.78.127.52:443,120.78.127.52,,超级钉客名片小程序,https,,nginx/1.15.9,,text/html,GET,120.78.127.52,/,,,,,192.893542ms,,[],[120.78.127.52],[],[Nginx:1.15.9],[],10852,945,200,44096,false,false,false,false,false,false
2023-08-04 15:23:24.262044 +0800 CST m=+1.231843418,<nil>,&{[url=../webroot/decision]},<nil>,map[],,999,http://121.233.254.128:999,121.233.254.128:999,,,http,,,,text/html,GET,121.233.254.128,/,,,,,59.827334ms,,[],[121.233.254.128],[],[],[],6,7,200,120,false,false,false,false,false,false
2023-08-04 15:23:24.28713 +0800 CST m=+1.256930418,<nil>,<nil>,<nil>,map[],,80,http://120.78.66.99:80,120.78.66.99,http://120.78.66.99/webroot/decision,301 Moved Permanently,http,,nginx/1.25.1,,text/html,GET,120.78.66.99,/,,,,,91.957ms,,[],[120.78.66.99],[],[Nginx:1.25.1],[],5,8,301,169,false,false,false,false,false,false
2023-08-04 15:23:24.288585 +0800 CST m=+1.258384626,<nil>,<nil>,<nil>,map[],,8080,http://221.7.205.53:8080,221.7.205.53:8080,/webroot/decision/login,,http,,,,text/html,GET,221.7.205.53,/,,,,,80.539125ms,,[],[221.7.205.53],[],[],[],1,1,302,0,false,false,false,false,false,false
2023-08-04 15:23:24.291464 +0800 CST m=+1.261263626,<nil>,<nil>,<nil>,map[],,8080,http://121.46.128.185:8080,121.46.128.185:8080,,HTTP Status 404 – Not Found,http,,,,text/html,GET,121.46.128.185,/,,,,,75.453125ms,,[],[121.46.128.185],[],[],[],61,1,404,682,false,false,false,false,false,false
2023-08-04 15:23:24.292233 +0800 CST m=+1.262033084,<nil>,<nil>,<nil>,map[],,80,http://120.224.160.24:80,120.224.160.24,http://120.224.160.24/webroot/decision/,301 Moved Permanently,http,,nginx/1.20.1,,text/html,GET,120.224.160.24,/,,,,,50.108334ms,,[],[120.224.160.24],[],[Nginx:1.20.1],[],5,8,301,169,false,false,false,false,false,false
2023-08-04 15:23:24.31529 +0800 CST m=+1.285090084,<nil>,<nil>,<nil>,map[],,8095,http://202.96.185.204:8095,202.96.185.204:8095,,HTTP状态 404 - 未找到,http,,,,text/html,GET,202.96.185.204,/,,,,,79.585416ms,,[],[202.96.185.204],[],[],[],28,1,404,425,false,false,false,false,false,false
2023-08-04 15:23:24.330341 +0800 CST m=+1.300141834,<nil>,<nil>,<nil>,map[],,8765,http://183.215.191.156:8765,183.215.191.156:8765,http://183.215.191.156:8765/webroot/decision,302 Found,http,,nginx/1.22.1,,text/html,GET,183.215.191.156,/,,,,,74.410917ms,,[],[183.215.191.156],[],[Nginx:1.22.1],[],3,8,302,145,false,false,false,false,false,false
2023-08-04 15:23:24.337297 +0800 CST m=+1.307097293,<nil>,<nil>,<nil>,map[],,8765,http://116.128.233.15:8765,116.128.233.15:8765,http://116.128.233.15:8765/webroot/decision,302 Found,http,,nginx/1.22.1,,text/html,GET,116.128.233.15,/,,,,,68.83225ms,,[],[116.128.233.15],[],[Nginx:1.22.1],[],3,8,302,145,false,false,false,false,false,false
2023-08-04 15:23:24.395047 +0800 CST m=+1.364848168,<nil>,<nil>,<nil>,map[],,443,https://47.101.176.96:443,47.101.176.96,https://47.101.176.96/url/mobile,,https,,nginx,,,GET,47.101.176.96,/,,,,,112.591708ms,,[],[47.101.176.96],[],[Nginx],[],1,1,302,0,false,false,false,false,false,false
2023-08-04 15:23:24.409777 +0800 CST m=+1.379578501,<nil>,<nil>,<nil>,map[],,80,http://39.108.12.62:80,39.108.12.62,http://39.108.12.62/webroot/decision/login,302 Found,http,,nginx/1.19.5,,text/html,GET,39.108.12.62,/,,,,,94.334625ms,,[],[39.108.12.62],[],[Nginx:1.19.5],[],3,8,302,145,false,false,false,false,false,false
2023-08-04 15:23:24.457745 +0800 CST m=+1.427547168,<nil>,<nil>,<nil>,map[],,8081,http://60.205.191.213:8081,60.205.191.213:8081,,,http,,,,text/html,GET,60.205.191.213,/,,,,,21.084834ms,,[],[60.205.191.213],[],[Java],[],40,11,200,388,false,false,false,false,false,false
2023-08-04 15:23:24.468194 +0800 CST m=+1.437995876,<nil>,<nil>,<nil>,map[],,8080,http://47.104.13.189:8080,47.104.13.189:8080,,,http,,,,text/html,GET,47.104.13.189,/,,,,,39.651709ms,,[],[47.104.13.189],[],[],[],4,5,200,147,false,false,false,false,false,false
2023-08-04 15:23:24.480721 +0800 CST m=+1.450523001,<nil>,<nil>,<nil>,map[],,443,https://43.155.109.10:443,43.155.109.10,https://43.155.109.10/admin,302 Found,https,,nginx/1.20.1,,text/html,GET,43.155.109.10,/,,,,,218.686125ms,,[],[43.155.109.10],[],[Nginx:1.20.1],[],3,8,302,145,false,false,false,false,false,false
2023-08-04 15:23:24.482128 +0800 CST m=+1.451930376,<nil>,<nil>,<nil>,map[],,80,http://60.247.18.21:80,60.247.18.21,,,http,,nginx,,text/html,GET,60.247.18.21,/,,,,,39.54ms,,[],[60.247.18.21],[],[Nginx],[],4,1,200,114,false,false,false,false,false,false
2023-08-04 15:23:24.494784 +0800 CST m=+1.464586668,<nil>,<nil>,<nil>,map[],,8080,http://60.216.13.33:8080,60.216.13.33:8080,/webroot/decision,,http,,,,text/html,GET,60.216.13.33,/,,,,,39.34125ms,,[],[60.216.13.33],[],[Java],[],1,1,302,0,false,false,false,false,false,false
2023-08-04 15:23:24.501671 +0800 CST m=+1.471473293,<nil>,<nil>,<nil>,map[],,80,http://60.30.245.248:80,60.30.245.248,,,http,,,,text/html,GET,60.30.245.248,/,,,,,52.777042ms,,[],[60.30.245.248],[],[],[],4,1,200,114,false,false,false,false,false,false
2023-08-04 15:23:24.517479 +0800 CST m=+1.487282001,<nil>,<nil>,<nil>,map[],,2020,http://60.2.184.154:2020,60.2.184.154:2020,/webroot/decision/login/initialization/,,http,,,,text/html,GET,60.2.184.154,/,,,,,42.452417ms,,[],[60.2.184.154],[],[],[],1,1,302,0,false,false,false,false,false,false
2023-08-04 15:23:24.524784 +0800 CST m=+1.494586918,<nil>,<nil>,<nil>,map[],,50000,http://58.247.254.69:50000,58.247.254.69:50000,http://58.247.254.69:50000/webroot/decision,301 Moved Permanently,http,,nginx/1.14.0 (Ubuntu),,text/html,GET,58.247.254.69,/,,,,,62.226625ms,,[],[58.247.254.69],[],[Nginx:1.14.0 Ubuntu],[],7,8,301,194,false,false,false,false,false,false
2023-08-04 15:23:24.587684 +0800 CST m=+1.557486959,<nil>,<nil>,<nil>,map[],,8095,http://59.57.247.108:8095,59.57.247.108:8095,/webroot/decision#,,http,,,,text/html,GET,59.57.247.108,/,,,,,98.153167ms,,[],[59.57.247.108],[],[Java],[],1,1,302,0,false,false,false,false,false,false
2023-08-04 15:23:24.639192 +0800 CST m=+1.608996168,<nil>,<nil>,<nil>,map[],,8098,http://61.164.81.197:8098,61.164.81.197:8098,http://61.164.81.197:8098/login?origin=8f0b04f3-d249-42fb-afd1-e0fce6ae2865,,http,,nginx/1.23.2,,,GET,61.164.81.197,/,,,,,130.412375ms,,[],[61.164.81.197],[],[Nginx:1.23.2],[],1,1,302,0,false,false,false,false,false,false
2023-08-04 15:23:25.306978 +0800 CST m=+2.276789084,<nil>,<nil>,<nil>,map[],,443,https://520166dee6f5e951.cname.cyudun.net:443,520166dee6f5e951.cname.cyudun.net,,403 Forbidden,https,,nginx,,text/html,GET,58.221.177.86,/,,,,,980.875042ms,,[],[58.221.177.86],[],[Nginx],[],69,14,403,548,false,false,false,false,false,false
2023-08-04 15:23:26.856866 +0800 CST m=+3.826693834,<nil>,<nil>,<nil>,map[],,80,http://121.40.226.241:80,121.40.226.241,,,http,,,,text/html,GET,121.40.226.241,/,,,,,66.255417ms,,[],[121.40.226.241],[],[],[],4,4,200,80,false,false,false,false,false,false
2023-08-04 15:23:27.072953 +0800 CST m=+4.042783584,<nil>,<nil>,<nil>,map[],,80,http://124.70.148.200:80,124.70.148.200,/webroot/decision,,http,,,,text/html,GET,124.70.148.200,/,,,,,56.428708ms,,[],[124.70.148.200],[],[Java],[],1,1,302,0,false,false,false,false,false,false
2023-08-04 15:23:27.08313 +0800 CST m=+4.052960709,<nil>,<nil>,<nil>,map[],,80,http://114.132.240.26:80,114.132.240.26,http://114.132.240.26/webroot/decision,301 Moved Permanently,http,,nginx/1.18.0 (Ubuntu),,text/html,GET,114.132.240.26,/,,,,,85.657625ms,,[],[114.132.240.26],[],[Nginx:1.18.0 Ubuntu],[],6,8,301,178,false,false,false,false,false,false
2023-08-04 15:23:27.085447 +0800 CST m=+4.055277334,<nil>,<nil>,<nil>,map[],,80,http://119.45.237.138:80,119.45.237.138,http://119.45.237.138/webroot/decision,301 Moved Permanently,http,,nginx/1.20.1,,text/html,GET,119.45.237.138,/,,,,,75.246ms,,[],[119.45.237.138],[],[Nginx:1.20.1],[],5,8,301,169,false,false,false,false,false,false
2023-08-04 15:23:27.311496 +0800 CST m=+4.281329668,<nil>,<nil>,<nil>,map[],,80,http://39.174.192.113:80,39.174.192.113,,,http,,nginx,,text/html,GET,39.174.192.113,/,,,,,80.862667ms,,[],[39.174.192.113],[],[Nginx PHP:7],[],4,1,200,114,false,false,false,false,false,false
2023-08-04 15:23:27.322398 +0800 CST m=+4.292231126,<nil>,<nil>,<nil>,map[],,80,http://42.192.193.199:80,42.192.193.199,/webroot/decision/login?origin=07dafa97-d6c7-4d14-b51d-ee174fbd6cba,,http,,nginx,,,GET,42.192.193.199,/,,,,,72.465542ms,,[],[42.192.193.199],[],[Nginx],[],1,1,302,0,false,false,false,false,false,false
2023-08-04 15:23:27.59324 +0800 CST m=+4.563076834,<nil>,<nil>,<nil>,map[],,9091,http://beta-report.oa.mooreelite.com:9091,beta-report.oa.mooreelite.com:9091,http://beta-report.oa.mooreelite.com:9091/webroot/decision/,301 Moved Permanently,http,,nginx/1.15.1,,text/html,GET,180.168.122.146,/,,,,,58.001834ms,,[],[180.168.122.146],[],[Nginx:1.15.1],[],6,8,301,185,false,false,false,false,false,false
